#,Status,Projekt,Ärendetyp,Prioritet,Ämne,Tilldelad till,Kategori,Versionsmål,Författare,Start,Deadline,% Klart,Estimerad tid,Förälderaktivitet,Skapad,Uppdaterad,Kravversion,Kravkälla,Verifiering av kravet,Stabilitet,Rättfärdigande,Beskrivning
35,New,Biljettsystem till Kårspexet,Feature,High,Slutkundgränssnitt,"",Bokning,"",Per Hagsten,2010-12-06,"",0,"","",2010-12-06 19:43,2010-12-06 20:16,Standard,Kårspexet,Man genomför en bokning via slutkundens gränssnitt. ,Stabilt.,För att Kårspexets kunder ska kunna boka biljetter. ,Slutkunden bokar en eller flera biljetter via nätet ska ha ett eget gränssnitt att göra det ifrån.
34,New,Biljettsystem till Kårspexet,Feature,High,Administatörsgränssnitt,"",Administration,"",Per Hagsten,2010-12-06,"",0,"","",2010-12-06 19:33,2010-12-06 20:16,Standard,Kårspexet,Administratören loggar in i sitt gränssnitt. ,Stabilt.,Administratören ska ha vissa funktioner som behöver ett eget gränssnitt.,Administratören ska ha ett gränssnitt för att administrera hela systemet.
31,Resolved,Biljettsystem till Kårspexet,Feature,Low,Tidsmätning,Kalle Arvidsson,Diverse,"",Kalle Arvidsson,2010-12-05,"",100,"","",2010-12-05 09:40,2010-12-06 20:15,Standard,"Kalle Arvidsson, Johan Stjernberg",Kontrollera att tiden står i loggen.,Stabilt.,För att verifiera att kravet om svarstid har uppfyllts.,"För varje anrop till systemet, ska tiden det tar att svara mätas. Sedan ska tiden skrivas till en logg-fil."
13,New,Biljettsystem till Kårspexet,Feature,Normal,Möjlighet att navigera i systemen,Kalle Arvidsson,Diverse,"",Per Hagsten,2010-11-29,"",0,"","",2010-11-29 16:22,2010-12-06 20:04,Standard,Kårspexet,"Man testar att alla länkarna finns, och att de inte är trasiga.",Stabilt.,Användaren måste kunna komma åt all funktionalitet.,"I varje vy (kund, säljare, ekonomichef, administatör), ska alla tillhörande funktioner kunna nås via länkar på webbsidorna."
1,New,Biljettsystem till Kårspexet,Feature,Normal,Loginsystem,Kalle Arvidsson,Loginsystem,"",Victor Hallberg,2010-11-26,"",0,"","",2010-11-26 12:13,2010-12-06 20:19,Standard,Kårspexet,"Testat genom att försöka komma åt gränssnitten, kontrollera att lösenord efterfrågas och att det rätta lösenordet ger tillgång till gränssnitten.",Stabilt.,"För att uppfylla kravet säkerhet, se 3.2.2.","För att komma åt säljarnas, ekonomichefens och administratörens gränssnitt och funktioner måste användare identifiera sig med användarnamn samt tillhörande lösenord. Det ska alltså finnas någon form av system som hanterar användare och inloggningar."
22,New,Biljettsystem till Kårspexet,Feature,Normal,Kortköp,Erik Eklund,Bokning,"",Anna Maria Modée,2010-11-29,"",0,"","",2010-11-29 16:36,2010-12-06 20:11,Deluxe,Kårspexet,Välja att betala med kort vid slutförande av en bokning.,Stabilt.,Kårspexet vill ha kortbetalning som ett smidigt betalsätt för slutanvändaren.,Möjlighet för kund att betala med kort vid bokning.
9,New,Biljettsystem till Kårspexet,Feature,Normal,Redigera Omgång,Erik Eklund,Administration,"",Per Hagsten,2010-11-29,"",0,"","",2010-11-29 16:08,2010-12-06 19:57,Standard,Kårspexet,"Efter att information har ändrats, ska man kunna se ändringen via bokningsssidan.",Stabilt.,Om något skulle bli fel vid uppläggning av en ny omgång.,"Det ska gå att ändra på samtliga egenskaper för en omgång via administratörsgränssnittet, dessa ändringar ska synas i de gränssnitt som berörs."
5,New,Biljettsystem till Kårspexet,Feature,High,Utplacering av platser för bokningar,Erik Eklund,Bokning,"",Victor Hallberg,2010-11-26,"",0,"","",2010-11-26 12:50,2010-12-06 19:45,Standard,Kårspexet,Via administratörsgränssnittet ska man kunna tilldela platser för en ännu oplacerad bokning.,Stabilt.,Kårspexet behöver ha möjlighet att manuellt placera ut bokningar.,I administratörsgränssnittet ska det gå att tilldela stolar till bokningar. I detta gränssnitt ska det gå att se vilka stolar som är upptagna och vilka som finns tillgängliga för utplacering för den aktuella föreställningen.
10,New,Biljettsystem till Kårspexet,Feature,Normal,Lägg till föreställning,André Gräsman,Administration,"",Per Hagsten,2010-11-29,"",0,"","",2010-11-29 16:13,2010-12-06 19:57,Standard,Kårspexet,Testa att lägga till en ny föreställning från administrationsvyn.,Stabilt.,Kårspexet gör nya omgångar med föreställningar varje år. Därför måste Kårspexet kunna lägga till föreställningar.,I bokningssystemets administratörens gränssnitt ska det gå att lägga till nya föreställningar som tillhör en omgång. En föreställning är en av de bokningsbara tillfällena för en omgång.
4,New,Biljettsystem till Kårspexet,Feature,Normal,Studentbiljetter,André Gräsman,Bokning,"",Victor Hallberg,2010-11-26,"",0,"","",2010-11-26 12:32,2010-12-06 19:44,Standard,Kårspexet,Genomföra en bokning som inkluderar minst en studentbiljett och verifiera att studentbiljetten syns i administrationsgränssnittet.,Stabilt.,Kårspexet vill att det ska gå att boka rabatterade studentbiljetter.,Vid en bokning skall det gå att boka studentbiljetter som är en typ av specialbiljett. Det som skiljer en studentbiljett från en ordinarie biljett är priset.
30,New,Biljettsystem till Kårspexet,Feature,Low,Lösenordsgenerator,Rasmus Göransson,Loginsystem,"",Rasmus Göransson,2010-12-03,"",0,"","",2010-12-03 16:29,2010-12-06 20:19,Deluxe,Kårspexet,Det går att generera nytt lösenord när man administrerar säljarkontot.,Stabilt.,För att på ett enkelt sätt ändra säljarens lösenord till ett säkert lösenord.,När administratören skapar nya lösenord för säljare ska det finnas möjlighet att generera slumpmässiga lösenord.
33,New,Biljettsystem till Kårspexet,Feature,Low,Ekonomigränsnitt,Rasmus Göransson,Administration,"",Victor Hallberg,2010-12-06,"",0,"","",2010-12-06 15:47,2010-12-06 20:16,Plus,Kårspexet,Det går att logga in som ekonomichef och presenteras med ett gränssnitt som är anpassat specifikt för ekonomichefen.,Stabilt.,Ekonomichefen behöver ett gränssnitt som är anpassat för att registrera betalningar.,Ett gränssnitt specifikt anpassat för att administrera ekonomin. Gränssnittets huvuduppgift är att registrera betalningar. Om detta inte hinns med kommer ekonomiansvariga administrera via administratörsgränssnittet.
15,New,Biljettsystem till Kårspexet,Feature,Normal,Interaktiv översiktsbild,Rasmus Göransson,Bokning,"",Anna Maria Modée,2010-11-29,"",0,"","",2010-11-29 16:25,2010-12-06 20:08,Plus,Nyx,Vid bokningssteget där man väljer sektioner skall det gå att interagera med översiktsbilden. ,Stabilt.,Det skulle göra det lättare för besökare att förstå vilken sektion de ska boka platser till för att hamna på ett visst ställe i salongen.,Möjlighet för den som bokar att interagera med översiktsbilden. När man har muspekaren över en rad skall rätt sektion markeras i översiktsbilden och sektionstabellen.
32,New,Biljettsystem till Kårspexet,Feature,Normal,Säljargränsnitt,Rasmus Göransson,Bokning,"",Victor Hallberg,2010-12-06,"",0,"","",2010-12-06 15:43,2010-12-06 20:15,Standard,Kårspexet,Det ska gå att logga in som säljare och utföra kontantköp samt registrering av uthämtade biljetter.,Stabilt.,Säljare behöver ett enklare gränssnitt för minska risken för fel.,Säljarens gränssnitt ska vara enkelt att lära sig och svårt att göra felbokningar. Från gränssnittet ska det gå att göra kontantköp och registrera uthämtningar av biljetter.
19,New,Biljettsystem till Kårspexet,Feature,Normal,Bokning Administratör,Rasmus Göransson,Bokning,"",Anna Maria Modée,2010-11-29,"",0,"","",2010-11-29 16:33,2010-12-06 20:08,Standard,Kårspexet,Administratören kan boka och registrera gratisbiljetter.,Stabilt.,Kravet behövs för att kårspexet ska kunna ge bort gratisbiljetter och ha koll på att det är just gratisbiljetter.,"Administratören skall ha möjlighet att göra bokningar via administratörsinterfacet. Administratören har full tillgång till rabattklasserna, även gratis, och kan placera ut de valda platserna direkt samt sätta status som betald.
En gratisbokning är detsamma som att registrera en gratisbiljett."
7,New,Biljettsystem till Kårspexet,Feature,High,Lägga till Teater,Rasmus Göransson,Administration,"",Erik Eklund,2010-11-28,"",0,"","",2010-11-28 15:06,2010-12-06 19:53,Standard,Kårspexet,Möjlighet att lägga till en ny teater utöver existerande. Det ska gå att boka en biljett på en föreställning som går på den nya teatern. Bokningen ska kunna tilldelas platser i teatern.,Stabilt.,Eftersom Kårspexet kan komma att spela på nya teatrar behöver de kunna lägga till de i bokningssystemet.,"Det ska gå att lägga till nya teatrar. De ska ha platser, sektioner och en salongsskiss, som visar hur platser och sektioner är placerade i teatern. I version Standard behöver det inte vara en smidig process."
11,New,Biljettsystem till Kårspexet,Feature,Normal,Redigera föreställningar,Per Hagsten,Administration,"",Per Hagsten,2010-11-29,"",0,"","",2010-11-29 16:15,2010-12-06 19:56,Standard,Kårspexet,Testa att redigera föreställningen.,Stabilt.,Man kan behöva uppdatera med ny information som är korrekt. ,Man ska kunna redigera tillagda föreställningar från administratörs vyn.
8,New,Biljettsystem till Kårspexet,Feature,High,Lägga till Omgång,Per Hagsten,Administration,"",Per Hagsten,2010-11-29,"",0,"","",2010-11-29 16:03,2010-12-06 19:54,Standard,Kårspexet,Det ska gå att från administratörens gränssnitt lägga till en ny omgång. Denna ska sedan synas i databasen. ,Stabilt.,Kårspexet har många föreställningar på olika teatrar för olika priser. Omgångar behövs för att hantera detta.,Man ska kunna lägga till nya omgångar i systemet från administratörens gränssnitt. En omgång är en mängd föreställningar som går på samma teater för samma priser.
29,New,Biljettsystem till Kårspexet,Feature,Low,Förhandsgranskning av utskick,Victor Hallberg,Administration,"",Victor Hallberg,2010-12-02,"",0,"","",2010-12-02 15:13,2010-12-06 20:15,Plus,Nyx,Kontrollera att inget utskick görs utan att en förhandsgranskning först visas.,Stabilt.,För att kunna kontrollera att utskick blir korrekta.,Det ska gå att förhandsgranska utskick innan de genomförs. Innan utskicket görs ska en förhandsgranskning i form av ett av (eventuellt) flera utskick visas.
26,New,Biljettsystem till Kårspexet,Feature,Normal,Sortera bokningar,Victor Hallberg,Administration,"",Victor Hallberg,2010-12-01,"",0,"","",2010-12-01 14:37,2010-12-06 20:15,Plus,Nyx,Klicka på de olika kolumnrubrikerna i bokningslistan och verifiera att bokningarna sorteras i korrekt ordning.,Stabilt.,För att underlätta administrationen av bokningar.,Administrationsgränsnittets listning av bokningar ska gå att sortera efter någon av de kolumner som visas. För att sortera efter en viss kolumn ska det gå att klicka på kolumnrubriken.
21,New,Biljettsystem till Kårspexet,Feature,Normal,Filtrera bokningar,Victor Hallberg,Administration,"",Per Hagsten,2010-11-29,"",0,"","",2010-11-29 16:35,2010-12-06 20:11,Standard,Kårspexet,Lista bokningar och verifiera att det finns ett formulär i vilket man kan välja hur bokningarna ska filtreras. Välj att filtrera på något sätt och verifiera att bokningslistan uppdateras korrekt.,Stabilt.,För att underlätta administrationen av bokningar.,"Administratörsgränsnitten ska erbjuda möjligheten att filtrera bokningar efter betalnings- och placeringsstatus liksom bokningsnummer, föreställning samt kontaktpersonens namn."
2,New,Biljettsystem till Kårspexet,Feature,High,Boka,Victor Hallberg,Bokning,"",Victor Hallberg,2010-11-26,"",0,"","",2010-11-26 12:18,2010-12-06 19:40,Standard,Kårspexet,Boka en biljett och verifiera sedan att den skapats i administrationsgränssnittet.,Stabilt.,Huvudsyftet med systemet.,"Det ska gå att som kund genomföra en bokning med valfritt antal biljetter för en vald föreställning. Detta görs i en flerstegsprocess där kunden först väljer föreställning, sedan vilka platser som ska bokas och slutligen anger sina kontaktuppgifter samt hur betalning ska ske. När bokningen är genomförd presenteras en sammanfattning av den för kunden."
24,New,Biljettsystem till Kårspexet,Feature,Normal,Grafisk statistik,Anna Maria Modée,Administration,"",Daniel Nyberg,2010-12-01,"",0,"","",2010-12-01 13:02,2010-12-06 20:12,Deluxe,Kårspexet,Kontrollera att man från administratörens och ekonomichefens gränssnitt kan se den grafiska representationen av statistik.,Stabilt.,En grafisk representation gör det enklare att få en överblick över statistiken.,Grafisk framställning av den statistik som finns tillgänglig.
18,New,Biljettsystem till Kårspexet,Feature,Normal,Omfattande statistik,Anna Maria Modée,Administration,"",Per Hagsten,2010-11-29,"",0,"","",2010-11-29 16:31,2010-12-06 20:08,Plus,Kårspexet,Man verifierar att statistiken stämmer jämfört med testdata. Sedan kontrollerar man att det går att filtrera efter tid och eventuell rabattklass.,Stabilt.,"För bättre förståelse i bokningen vilket underlättar framtida planering och arbete av nya föreställningar, omgångar och spex.","Det skall vara möjligt att från administratörens och ekonomichefens gränssning se mycket utförlig statistik från bokningssystemet. Detta inkluderar, men är ej begränsat till: enklare statistik inom vissa tidsintervall. För föreställning innebär det möjlighet att välja vilken start/sluttid bokning samt utlämning av biljetter skedde. Det skall även vara möjligt att sortera antalet bokningar/utlämningar per dag och efter eventuell rabattklass."
28,New,Biljettsystem till Kårspexet,Feature,Normal,Ändra betalningsstatus,Anna Maria Modée,Bokning,"",Anna Maria Modée,2010-12-02,"",0,"","",2010-12-02 15:04,2010-12-06 20:15,Standard,Kårspexet,Från administratörens och ekonomichefens gränssnitt kontrolleras att en bokning kan ändra betalningsstatus.,Stabilt.,Det är viktigt för Kårspexet att de kan registrera inkomna betalningar.,Det skall vara möjligt att från administratören och ekonomichefens gränssnitt att ändra betalningsstatus för en bokning från obetald till betald eller tvärtom.
17,New,Biljettsystem till Kårspexet,Feature,Low,Enklare statistik ,Anna Maria Modée,Administration,"",Per Hagsten,2010-11-29,"",0,"","",2010-11-29 16:29,2010-12-06 20:08,Standard,Kårspexet,Kontrollera att man kan se den enklare statistiken från administratörens och ekonomichefens gränssnitt.,Stabilt.,"Underlättar arbetet för administratör och ekonomichef inför framtida planerianering av nya föreställningar, omgångar och spex.","Det skall vara möjligt att från administratörens och ekonomichefens gränssnitt kunna se enklare statistik från systemet. Detta inkluderar: totalt antal utgivna biljetter per föreställning, omgång och spelår, antal utgivna biljetter som är gratis/student/ordinarie per föreställning, omgång och spelår, antal bokade biljetter per föreställning, omgång och spelår. "
3,New,Biljettsystem till Kårspexet,Feature,Normal,Bekräftelsemeddelande,Anna Maria Modée,Bokning,"",Victor Hallberg,2010-11-26,"",0,"","",2010-11-26 12:22,2010-12-06 19:41,Standard,Kårspexet,Genomför en bokning och verifiera att ett korrekt bekräftelsemeddelande har skickats ut till rätt epostadress.,Stabilt.,Det är viktigt att Kårspexet får en bekräftelse av bokningen med aktuell information.,"Efter att en kund genomfört en bokning ska en bekräftelse skickas via epost till den epostadress som kunden angett i bokningen. Denna bekräftelse ska inkludera nödvändig information om bokningen, såsom: betalningsinformation, bokningsnummer, aktuella datum och tider samt en fungerande länk för avbokning."
20,New,Biljettsystem till Kårspexet,Feature,Normal,Färgkodning,Daniel Nyberg,Bokning,"",Anna Maria Modée,2010-11-29,"",0,"","",2010-11-29 16:35,2010-12-06 20:12,Plus,Nyx,"Kolla så att bilden har korrekta startfärger när det inte finns några bokningar i systemet. Kolla gradvis efter övergångar mellan färger, allt eftersom fler bokningar görs. ",Stabilt.,Ger snabb överblick för kunden i början av bokningen.,"Den bild som ger kunden en översikt av platsfördelningen på den valda föreställningen ska ha en färgskala, som anger till vilken grad sektionerna är lediga. För att underlätta för färgblinda bör lämpliga färger väljas. Färgerna ändras dynamiskt allt eftersom fler bokningar görs."
12,New,Biljettsystem till Kårspexet,Feature,Normal,Kontantbetalning från säljarvyn,Daniel Nyberg,Bokning,"",Per Hagsten,2010-11-29,"",0,"","",2010-11-29 16:19,2010-12-06 20:04,Standard,Kårspexet,"Kolla så att det går att göra en ny bokning via säljarens gränssnitt, och att den kan slutföras.
Kolla så att säljaren kan hitta en obetald bokning, och registrera att bokningen är betald.",Stabilt.,Kårspexet vill kunna stå på offentliga platser och sälja och lämna ut biljetter till kunder.,"En säljare ska ha möjlighet att ta emot kontant betalning av en kund, och därefter säkerställa en bokning, med placering av biljetten till en plats. Säljaren ska kunna bekräfta betalningen och sedan ge ut biljetten till kunden.
Det ska även vara möjligt för den kund som redan bokat att välja kontant betalning, och ta kontakt med en säljare för att betala sin biljett. Säljaren ska då kunna hitta den bokade biljetten, placera den, ta betalt, och sedan lämna ut den."
25,New,Biljettsystem till Kårspexet,Feature,Low,Hantera utskick,Johan Stjernberg,Administration,"",Daniel Nyberg,2010-12-01,"",0,"","",2010-12-01 13:05,2010-12-06 20:12,Plus,Kårspexet,Man testar att göra utskick samt kontrollerar att de blev korrekta. ,Stabilt.,"Det är bra att kunna kontakta olika grupper av slutkunder, till exempel de som inte betalat sina biljetter.",Administratör och ekonomichef ska kunna hantera de massutskick av epost som görs av systemet.
16,New,Biljettsystem till Kårspexet,Feature,Low,Avbokning,Johan Stjernberg,Bokning,"",Anna Maria Modée,2010-11-29,"",0,"","",2010-11-29 16:29,2010-12-06 20:08,Standard,Kårspexet,I bekräftelsemailet finns det en länk till en sida där man kan ta bort sin bokning. Efter att man avbokat ska bokningen vara borta ur systemet.,Stabilt.,Användare ska kunna avboka biljetter de inte önskar betala eller hämta ut.,En kund skall kunna avboka sin bokning. Det sker genom en länk i bekräftelsemailet för bokningen.
23,New,Biljettsystem till Kårspexet,Feature,Normal,Kontohantering,Andreas Tarandi,Loginsystem,"",Daniel Nyberg,2010-12-01,"",0,"","",2010-12-01 13:01,2010-12-06 21:02,Standard,Kårspexet,Kontrollera att det går att gå in som administratör och redigera/skapa/hantera konton.,Instabilt. Osäkert hur kontohanteringen ska fungera i dagsläget.,Administratörer måste kunna hantera kontona.,"Administratörer ska kunna hantera de olika kontona och byta lösenord på dem.
De ska även kunna sätta tidsbegränsade lösenord för användarna. "
14,New,Biljettsystem till Kårspexet,Feature,Normal,Säljare ska kunna lämna ut biljetter,Andreas Tarandi,Bokning,"",Per Hagsten,2010-11-29,"",0,"","",2010-11-29 16:25,2010-12-06 20:05,Standard,Kårspexet,Man testar att det går att registrera en betald biljett som uthämtad. ,Stabilt.,Säljaren behöver ha ett gränssnitt för att lämna ut biljetter.,Säljare ska i sin vy kunna hitta en kund och se vilka biljetter han ska lämna ut till honom och därefter registrera dem som uthämtade.
6,New,Biljettsystem till Kårspexet,Feature,Normal,Redigering av bokningar,Andreas Tarandi,Bokning,"",Victor Hallberg,2010-11-26,"",0,"","",2010-11-26 13:14,2010-12-06 19:46,Standard,Kårspexet,"Välj att redigera en enskild bokning, verifiera att status går att ändra och att den sparas korrekt.",Stabilt.,Det måste gå att uppdatera bokningsstatus,"Administratörer ska kunna redigera befintliga bokningar. Detta inkluderar att ändra betalningsstatus (hur mycket som betalats in), om biljetterna är uthämtade 
samt övriga egenskaper, dock inte nödvändigtvis alla."
